id,first_name,last_name,email,gender,ip_address
1,Moreen,Bwy,mbwy0@blogspot.com,Female,202.40.211.37
2,Sheba,Peakman,speakman1@dailymotion.com,Female,41.28.200.54
3,Garek,Glendza,gglendza2@hugedomains.com,Male,52.240.49.47
4,Brigida,Seage,bseage3@skyrock.com,Female,180.206.77.140
5,Shena,Lissaman,slissaman4@elegantthemes.com,Female,248.192.227.27
6,Janessa,Redington,jredington5@chicagotribune.com,Female,84.253.124.100
7,Shay,Ugoni,sugoni6@ucoz.com,Female,189.217.55.68
8,Alyssa,Twyning,atwyning7@upenn.edu,Female,117.250.173.42
9,Anett,Slott,aslott8@ox.ac.uk,Female,183.183.150.138
10,Federico,Prantl,fprantl9@quantcast.com,Male,55.110.245.200
11,Guillermo,Waeland,gwaelanda@tumblr.com,Male,7.21.16.125
12,Genevra,Schermick,gschermickb@csmonitor.com,Female,238.100.124.202
13,Mabel,Wrangle,mwranglec@desdev.cn,Female,71.241.144.84
14,Raffarty,Codman,rcodmand@people.com.cn,Male,183.194.30.26
15,Rorke,Buffy,rbuffye@engadget.com,Male,114.45.106.3
16,Albertine,Gerg,agergf@macromedia.com,Female,105.199.88.26
17,Eduino,Alwen,ealweng@opera.com,Male,150.96.63.63
18,Pavla,Willbraham,pwillbrahamh@archive.org,Female,82.68.198.3
19,Wallache,Edmand,wedmandi@ning.com,Male,45.95.95.91
20,Raquel,Wegman,rwegmanj@house.gov,Female,7.173.78.80
21,Winnie,Greenstock,wgreenstockk@instagram.com,Female,55.42.159.85
22,Manon,Tant,mtantl@java.com,Female,0.141.79.30
23,Kliment,Billitteri,kbillitterim@networkadvertising.org,Male,16.150.8.18
24,Karlen,Cormode,kcormoden@weebly.com,Female,150.8.74.199
25,Bertine,Siberry,bsiberryo@mozilla.org,Female,117.152.161.191
26,Muire,Legg,mleggp@unblog.fr,Female,37.196.121.167
27,Lynnea,Gibbetts,lgibbettsq@hc360.com,Female,227.86.203.202
28,Winston,Yeardsley,wyeardsleyr@hud.gov,Male,51.133.39.194
29,Dorian,Corriea,dcorrieas@taobao.com,Male,111.215.56.235
30,Donelle,Chrippes,dchrippest@dedecms.com,Female,38.25.11.187
31,Ario,Winfindale,awinfindaleu@ft.com,Male,248.180.3.212
32,Marje,Feeley,mfeeleyv@facebook.com,Female,99.255.98.143
33,Farand,Wankling,fwanklingw@myspace.com,Female,205.116.30.24
34,Fianna,Amesbury,famesburyx@mac.com,Female,56.210.201.35
35,Rad,St. Ledger,rstledgery@4shared.com,Male,158.135.167.23
36,Bat,Bickmore,bbickmorez@opensource.org,Male,21.206.151.152
37,Vanna,Venard,vvenard10@msn.com,Female,44.110.132.58
38,Cristin,Leyzell,cleyzell11@ehow.com,Female,249.183.33.101
39,Mitchel,Birmingham,mbirmingham12@imageshack.us,Male,130.137.250.119
40,Mikey,Helliwell,mhelliwell13@liveinternet.ru,Male,176.4.43.243
41,Con,Gostage,cgostage14@exblog.jp,Female,4.66.79.165
42,Abbey,Fitzsymon,afitzsymon15@cdbaby.com,Female,253.211.25.32
43,Reinwald,Grewes,rgrewes16@hud.gov,Male,222.159.202.194
44,Belle,Cupper,bcupper17@webeden.co.uk,Female,137.183.187.100
45,Rosamund,Peggram,rpeggram18@forbes.com,Female,125.201.20.217
46,Chrissy,Bestar,cbestar19@vk.com,Polygender,188.211.21.54
47,Markos,Wimlett,mwimlett1a@google.com.hk,Male,132.127.76.235
48,Alisun,Gonnin,agonnin1b@fema.gov,Female,172.190.196.59
49,Riannon,Dahlman,rdahlman1c@w3.org,Female,237.148.133.1
50,Anatollo,Hiddersley,ahiddersley1d@opensource.org,Male,118.104.205.38
51,Ettore,Hallward,ehallward1e@webeden.co.uk,Male,200.172.18.124
52,Gilburt,Boldero,gboldero1f@aol.com,Male,49.237.37.12
53,Elisha,Morrieson,emorrieson1g@miibeian.gov.cn,Male,169.37.220.28
54,Damon,Marciek,dmarciek1h@xinhuanet.com,Male,239.132.18.80
55,Heindrick,Bampford,hbampford1i@amazon.de,Male,0.187.112.131
56,Nigel,Doelle,ndoelle1j@etsy.com,Male,155.215.3.59
57,Goldy,Baddiley,gbaddiley1k@wikia.com,Female,216.197.16.187
58,Salmon,Boother,sboother1l@narod.ru,Male,238.2.134.198
59,Osbourn,Maith,omaith1m@arizona.edu,Male,110.40.165.178
60,Gabrila,Slaight,gslaight1n@pagesperso-orange.fr,Female,101.237.205.192
61,Ford,Mattielli,fmattielli1o@flavors.me,Male,246.3.1.35
62,Letta,Squirrell,lsquirrell1p@wufoo.com,Female,86.125.12.2
63,Glory,Jeannaud,gjeannaud1q@narod.ru,Female,85.81.33.21
64,Aloin,Tollit,atollit1r@blinklist.com,Male,184.86.223.40
65,Godfry,Macvey,gmacvey1s@eepurl.com,Male,47.18.207.88
66,Ellen,Klaff,eklaff1t@forbes.com,Female,131.211.193.170
67,Abram,Ullrich,aullrich1u@symantec.com,Polygender,89.171.5.7
68,Constancy,Bauser,cbauser1v@comcast.net,Female,170.172.0.32
69,Nicol,Torre,ntorre1w@flickr.com,Non-binary,223.142.121.84
70,Aluino,Pudden,apudden1x@discovery.com,Non-binary,161.89.194.253
71,Cherianne,Leyman,cleyman1y@rediff.com,Female,122.79.233.184
72,Carlynn,Forrestill,cforrestill1z@last.fm,Female,31.135.236.77
73,Aldric,Le Leu,aleleu20@geocities.com,Male,59.29.28.239
74,Flory,Nelane,fnelane21@webs.com,Male,102.219.79.47
75,Clay,Bloxam,cbloxam22@adobe.com,Male,27.208.52.117
76,Hephzibah,Berntssen,hberntssen23@barnesandnoble.com,Female,36.170.152.62
77,Skylar,MacGahy,smacgahy24@goodreads.com,Male,118.49.188.132
78,Robb,Rodgerson,rrodgerson25@twitter.com,Male,82.72.120.156
79,Pegeen,Druitt,pdruitt26@wufoo.com,Female,48.155.146.123
80,Nye,Brockie,nbrockie27@blogtalkradio.com,Male,253.17.12.199
81,Hillier,Spriddle,hspriddle28@businessinsider.com,Male,224.157.134.61
82,Liliane,Careless,lcareless29@berkeley.edu,Female,239.221.29.80
83,Shauna,Millen,smillen2a@cnbc.com,Female,238.74.199.135
84,Leoline,Pragnall,lpragnall2b@rediff.com,Female,81.80.24.48
85,Kit,Whittier,kwhittier2c@dyndns.org,Male,5.219.246.65
86,Thibaut,Zamudio,tzamudio2d@ifeng.com,Male,209.45.251.203
87,Maegan,Shaw,mshaw2e@oaic.gov.au,Female,10.57.51.46
88,Roselle,Sodory,rsodory2f@hibu.com,Female,194.177.244.43
89,Isa,Cantopher,icantopher2g@aboutads.info,Female,43.180.3.138
90,Locke,Edgler,ledgler2h@dmoz.org,Male,234.55.119.59
91,Clywd,Hendin,chendin2i@vimeo.com,Male,88.207.34.34
92,Jens,Varran,jvarran2j@liveinternet.ru,Male,50.72.38.242
93,Ernie,Thomazin,ethomazin2k@shinystat.com,Genderfluid,223.196.91.51
94,Perry,Cherry Holme,pcherryholme2l@51.la,Male,163.137.32.18
95,Danny,Kynston,dkynston2m@microsoft.com,Female,222.120.43.66
96,Codi,Rene,crene2n@cbsnews.com,Male,3.198.149.241
97,Rufus,Dufty,rdufty2o@feedburner.com,Male,231.155.13.179
98,Lavina,Ollander,lollander2p@psu.edu,Agender,190.29.77.134
99,Arni,Aspy,aaspy2q@epa.gov,Male,53.8.178.246
100,Cinda,Bratten,cbratten2r@wiley.com,Female,213.229.195.47
101,Othello,Gidney,ogidney2s@ca.gov,Male,73.132.213.180
102,Hewitt,Hellier,hhellier2t@ihg.com,Male,243.119.190.20
103,Ivory,Monget,imonget2u@adobe.com,Female,122.162.239.103
104,Abe,Trever,atrever2v@fotki.com,Male,174.203.70.207
105,Harriett,Fulun,hfulun2w@1688.com,Female,209.54.161.138
106,Geoffry,Dahlberg,gdahlberg2x@shop-pro.jp,Male,66.145.10.58
107,Garold,Gallant,ggallant2y@quantcast.com,Male,208.44.2.60
108,Dayle,Ashwood,dashwood2z@infoseek.co.jp,Female,65.250.154.5
109,Hirsch,Wilbor,hwilbor30@ihg.com,Male,201.38.55.39
110,Ernst,Doberer,edoberer31@domainmarket.com,Male,84.140.2.216
111,Etheline,Tebbs,etebbs32@rambler.ru,Female,216.47.49.243
112,Alia,Brower,abrower33@seattletimes.com,Female,216.234.27.24
113,Leonid,Perrigo,lperrigo34@admin.ch,Male,157.150.248.31
114,Luelle,Berling,lberling35@paypal.com,Bigender,50.170.103.244
115,Modesty,Krimmer,mkrimmer36@ox.ac.uk,Female,64.156.42.204
116,Robbin,Whotton,rwhotton37@google.co.jp,Female,170.60.184.19
117,Puff,Dorracott,pdorracott38@noaa.gov,Male,116.72.64.148
118,Berk,Cubberley,bcubberley39@slideshare.net,Male,60.35.53.15
119,Dari,Murrill,dmurrill3a@artisteer.com,Non-binary,61.251.120.218
120,Junette,Fairlam,jfairlam3b@jimdo.com,Female,127.7.28.153
121,Gram,Tal,gtal3c@geocities.jp,Male,168.127.239.110
122,Cammi,Brodest,cbrodest3d@example.com,Female,126.15.83.202
123,Carlye,Jopke,cjopke3e@vimeo.com,Female,120.198.88.16
124,Corly,Gulleford,cgulleford3f@1688.com,Female,132.117.132.30
125,Hernando,Hubery,hhubery3g@earthlink.net,Male,9.144.178.46
126,Eleonore,Lewing,elewing3h@telegraph.co.uk,Female,144.199.88.95
127,Eleni,Ridett,eridett3i@theguardian.com,Female,138.11.136.217
128,Marigold,Fargher,mfargher3j@studiopress.com,Genderqueer,90.231.178.12
129,Celestine,McWhirter,cmcwhirter3k@wisc.edu,Female,101.212.0.53
130,Mellicent,Foord,mfoord3l@unc.edu,Female,245.58.140.122
131,Sydel,Spencelayh,sspencelayh3m@mac.com,Female,55.202.240.46
132,Lurline,Clatworthy,lclatworthy3n@github.io,Female,150.192.23.168
133,Ruggiero,Metson,rmetson3o@geocities.com,Male,250.213.232.76
134,Shela,Beckham,sbeckham3p@miibeian.gov.cn,Female,237.206.235.190
135,Kelly,Simcock,ksimcock3q@rediff.com,Female,122.80.19.190
136,Jeremy,Buckle,jbuckle3r@senate.gov,Male,154.3.116.43
137,Seth,Rapson,srapson3s@goodreads.com,Male,167.141.239.201
138,Morly,Gellately,mgellately3t@dmoz.org,Male,78.39.38.177
139,Tomaso,Menault,tmenault3u@answers.com,Male,158.48.189.231
140,Chrysler,Gulleford,cgulleford3v@wsj.com,Female,136.210.70.2
141,Lonnard,Pursehouse,lpursehouse3w@google.co.uk,Male,130.238.79.40
142,Peterus,Whatman,pwhatman3x@domainmarket.com,Male,112.121.231.44
143,Kaspar,Ceschini,kceschini3y@usatoday.com,Male,43.89.172.24
144,Matias,Leithgoe,mleithgoe3z@t.co,Male,31.112.77.240
145,Joelie,Bendare,jbendare40@europa.eu,Female,52.122.232.178
146,Rafaello,MacGovern,rmacgovern41@hp.com,Bigender,65.25.223.65
147,Kamillah,Fane,kfane42@independent.co.uk,Agender,39.64.53.27
148,Con,Dominico,cdominico43@discovery.com,Male,118.49.48.241
149,Marie,Tarling,mtarling44@pcworld.com,Female,254.32.224.57
150,Lawton,Loker,lloker45@geocities.com,Male,105.140.8.212
151,Ivette,Bowden,ibowden46@indiatimes.com,Female,136.143.92.170
152,Hillary,Barron,hbarron47@odnoklassniki.ru,Female,229.146.150.217
153,Matty,Luckings,mluckings48@google.fr,Agender,92.78.240.251
154,Karlotte,Khristyukhin,kkhristyukhin49@cbsnews.com,Female,24.254.170.118
155,Orlan,Gilluley,ogilluley4a@fema.gov,Male,226.218.96.91
156,Udell,Clemencet,uclemencet4b@disqus.com,Male,142.47.230.140
157,Neilla,Codman,ncodman4c@nsw.gov.au,Genderfluid,143.41.185.64
158,Nathan,Arons,narons4d@independent.co.uk,Male,18.231.104.74
159,Bord,Martill,bmartill4e@theguardian.com,Male,218.9.19.165
160,Claiborne,Dulen,cdulen4f@flavors.me,Male,55.145.107.136
161,Reinaldos,Philott,rphilott4g@guardian.co.uk,Male,190.183.154.3
162,Con,Werrilow,cwerrilow4h@smh.com.au,Male,19.203.46.90
163,Rianon,Aughtie,raughtie4i@indiegogo.com,Female,153.109.19.120
164,Heath,Krahl,hkrahl4j@ft.com,Female,173.43.136.114
165,Willie,Yaxley,wyaxley4k@wunderground.com,Male,33.82.85.177
166,Letta,Stango,lstango4l@upenn.edu,Female,244.205.201.138
167,Cherish,Saing,csaing4m@rambler.ru,Female,91.200.162.34
168,Avis,Colbert,acolbert4n@opensource.org,Female,163.139.194.28
169,Findlay,Placidi,fplacidi4o@clickbank.net,Male,212.92.246.131
170,Margarethe,Peeke,mpeeke4p@squidoo.com,Female,142.226.160.62
171,Joella,Keefe,jkeefe4q@imageshack.us,Female,161.106.238.73
172,Ann-marie,Mansel,amansel4r@cam.ac.uk,Female,159.153.166.74
173,Gino,Ovens,govens4s@edublogs.org,Male,51.152.220.61
174,Kirsti,Leckenby,kleckenby4t@redcross.org,Female,92.49.198.74
175,Orren,Nias,onias4u@fda.gov,Bigender,170.60.120.53
176,Lorenzo,Hilley,lhilley4v@walmart.com,Male,117.65.48.4
177,Lotty,Archambault,larchambault4w@pen.io,Female,43.230.142.234
178,Clair,Draycott,cdraycott4x@jigsy.com,Male,113.125.56.104
179,Kile,Seleway,kseleway4y@si.edu,Male,94.118.110.13
180,Broderick,Christopherson,bchristopherson4z@cnet.com,Male,60.39.193.85
181,Penelopa,Bolter,pbolter50@tumblr.com,Female,13.251.107.120
182,Mair,Lymer,mlymer51@shutterfly.com,Female,76.202.221.148
183,Halsey,Manach,hmanach52@topsy.com,Male,235.114.4.211
184,Jakob,Croad,jcroad53@ow.ly,Male,60.105.94.26
185,Joletta,Lowsely,jlowsely54@yolasite.com,Female,88.179.1.153
186,Urbain,Mc Caughen,umccaughen55@google.co.uk,Male,124.82.110.222
187,Batsheva,Beckworth,bbeckworth56@blinklist.com,Female,103.93.134.187
188,Malachi,Breitler,mbreitler57@blogger.com,Male,125.38.216.61
189,Adolphe,Kay,akay58@businessweek.com,Male,163.207.205.197
190,Jammal,Ivanchikov,jivanchikov59@sourceforge.net,Male,134.164.125.76
191,Nevile,Pill,npill5a@fastcompany.com,Male,154.34.158.154
192,Hodge,Shovelbottom,hshovelbottom5b@angelfire.com,Male,137.154.29.162
193,Mendie,Runacres,mrunacres5c@yellowbook.com,Male,11.249.45.192
194,Judah,Arrighetti,jarrighetti5d@a8.net,Male,37.156.25.99
195,Morlee,Ayre,mayre5e@naver.com,Genderfluid,203.59.225.11
196,Roger,Yurenin,ryurenin5f@spiegel.de,Male,34.224.173.30
197,Thaddeus,Dmitrichenko,tdmitrichenko5g@disqus.com,Male,143.227.19.24
198,Cherilyn,Gionettitti,cgionettitti5h@bandcamp.com,Female,229.15.150.87
199,Ellerey,Drewson,edrewson5i@netlog.com,Male,23.139.245.248
200,Ibbie,Adamiec,iadamiec5j@abc.net.au,Non-binary,90.201.245.138
201,Normie,Kynaston,nkynaston5k@typepad.com,Male,19.58.51.235
202,Ham,Forstall,hforstall5l@toplist.cz,Male,251.49.53.118
203,Valentin,Sail,vsail5m@seattletimes.com,Male,250.192.13.173
204,Halli,Given,hgiven5n@guardian.co.uk,Female,156.22.185.65
205,Dorothy,Chessor,dchessor5o@sfgate.com,Female,106.106.124.239
206,Stan,Gluyas,sgluyas5p@taobao.com,Male,133.131.106.94
207,Orville,Pickburn,opickburn5q@toplist.cz,Male,214.123.123.236
208,Tad,Mooreed,tmooreed5r@devhub.com,Male,190.158.243.227
209,Marcellina,Kondrachenko,mkondrachenko5s@jigsy.com,Female,85.144.17.54
210,Sherwin,Milne,smilne5t@google.co.jp,Male,46.27.168.38
211,Stace,Belch,sbelch5u@ucla.edu,Female,251.69.17.228
212,Brunhilda,Losseljong,blosseljong5v@marketwatch.com,Female,226.188.195.122
213,Daisie,Kennet,dkennet5w@blog.com,Female,182.177.255.7
214,Richard,Labitt,rlabitt5x@oaic.gov.au,Genderfluid,235.190.153.151
215,Waverly,O' Reagan,woreagan5y@canalblog.com,Male,107.99.79.80
216,Mitzi,Connors,mconnors5z@epa.gov,Female,122.204.0.204
217,Che,Filyashin,cfilyashin60@techcrunch.com,Male,97.189.136.37
218,Birdie,Marzella,bmarzella61@technorati.com,Female,150.97.112.29
219,Joela,Bampforth,jbampforth62@hatena.ne.jp,Female,203.94.108.247
220,Grange,Dowbakin,gdowbakin63@nps.gov,Male,36.94.213.148
221,Nevsa,Puig,npuig64@chicagotribune.com,Female,151.136.158.1
222,Sandye,Afonso,safonso65@economist.com,Bigender,60.70.186.211
223,Gilemette,Monument,gmonument66@reddit.com,Female,204.150.110.243
224,Aldin,Keatch,akeatch67@vimeo.com,Male,77.17.143.49
225,Jasmin,Blazeby,jblazeby68@cisco.com,Female,132.166.243.191
226,Clemmy,Pidgeley,cpidgeley69@example.com,Male,229.163.133.25
227,Laina,Fenge,lfenge6a@histats.com,Female,141.154.27.213
228,Inessa,O'Hollegan,iohollegan6b@bizjournals.com,Female,110.61.21.181
229,Lovell,Scarlan,lscarlan6c@dmoz.org,Male,254.17.174.173
230,Sandy,Iddens,siddens6d@free.fr,Male,33.157.229.216
231,Thaddus,Alesin,talesin6e@uiuc.edu,Male,4.191.230.49
232,Ross,Drillingcourt,rdrillingcourt6f@wired.com,Male,159.214.115.206
233,Barbara,Balden,bbalden6g@geocities.jp,Female,161.174.100.97
234,Berkley,Borell,bborell6h@sina.com.cn,Male,178.66.42.147
235,Ellie,Ferrea,eferrea6i@soup.io,Female,11.221.15.232
236,Bart,Vernau,bvernau6j@php.net,Male,58.7.212.12
237,Kimball,Canham,kcanham6k@gmpg.org,Male,82.134.169.134
238,Samara,Banbrook,sbanbrook6l@tumblr.com,Female,245.89.60.160
239,Leonie,Measom,lmeasom6m@time.com,Female,224.176.123.78
240,Anica,Medgwick,amedgwick6n@goodreads.com,Female,26.89.160.160
241,Olenka,Gallard,ogallard6o@w3.org,Female,243.13.31.223
242,Merna,End,mend6p@ca.gov,Female,89.94.158.24
243,Dyna,Yearns,dyearns6q@last.fm,Genderqueer,84.241.125.217
244,Abba,Steabler,asteabler6r@zdnet.com,Male,67.107.153.118
245,Ransom,Oldcote,roldcote6s@prweb.com,Male,156.134.152.17
246,Davis,Pontain,dpontain6t@alexa.com,Male,54.114.247.175
247,Trumann,Vasse,tvasse6u@europa.eu,Male,92.69.77.172
248,Almira,Angelo,aangelo6v@printfriendly.com,Female,180.122.39.57
249,Marvin,Kienle,mkienle6w@kickstarter.com,Male,175.107.188.210
250,Crosby,Viles,cviles6x@ifeng.com,Male,247.234.232.35
251,Monro,Heddan,mheddan6y@moonfruit.com,Male,61.129.204.199
252,Amie,Kilpin,akilpin6z@devhub.com,Female,206.167.67.158
253,Brinna,Verbrugghen,bverbrugghen70@home.pl,Female,21.73.32.23
254,Pamella,Pollicote,ppollicote71@auda.org.au,Female,116.79.195.111
255,Orran,Backson,obackson72@forbes.com,Male,104.218.50.56
256,Editha,Armytage,earmytage73@123-reg.co.uk,Female,30.226.5.205
257,Andres,Lambotin,alambotin74@home.pl,Male,224.2.199.171
258,Oralla,Francescuccio,ofrancescuccio75@bluehost.com,Female,104.59.46.179
259,Amby,Choat,achoat76@reverbnation.com,Male,132.128.2.234
260,Mamie,Fantonetti,mfantonetti77@slashdot.org,Female,252.113.62.79
261,Shari,Kinavan,skinavan78@wiley.com,Female,141.120.247.130
262,Alanna,Vasilyonok,avasilyonok79@slideshare.net,Female,19.108.114.227
263,Flor,Bawles,fbawles7a@vimeo.com,Female,252.108.172.9
264,Nan,McGarva,nmcgarva7b@bbb.org,Female,189.86.166.198
265,Brod,Raffin,braffin7c@ifeng.com,Bigender,17.24.171.158
266,Goldi,D'Alesco,gdalesco7d@wisc.edu,Female,116.168.243.36
267,Terrence,Cardwell,tcardwell7e@unesco.org,Male,135.171.81.133
268,Kirstin,Lakenden,klakenden7f@blog.com,Female,239.191.48.158
269,Maddi,Hardwell,mhardwell7g@lycos.com,Female,133.143.162.235
270,Kalie,Humber,khumber7h@naver.com,Female,182.222.92.187
271,Elinore,Fanner,efanner7i@unicef.org,Female,205.241.116.10
272,Decca,Benedetti,dbenedetti7j@webs.com,Male,15.254.90.40
273,Jaime,Blowick,jblowick7k@w3.org,Male,9.225.231.246
274,Elora,Tsar,etsar7l@bing.com,Female,234.54.144.184
275,Zitella,Piddlehinton,zpiddlehinton7m@eepurl.com,Non-binary,81.62.58.157
276,Tommy,O'Lenane,tolenane7n@etsy.com,Male,16.34.114.83
277,Rasla,Mattielli,rmattielli7o@google.es,Female,248.89.195.76
278,Lyman,Cunio,lcunio7p@telegraph.co.uk,Male,107.71.206.81
279,Egan,Funnell,efunnell7q@wired.com,Male,65.234.139.184
280,Loreen,Stuart,lstuart7r@unblog.fr,Genderfluid,22.208.97.247
281,Zabrina,Enoksson,zenoksson7s@dot.gov,Female,241.56.175.45
282,Kareem,Chenery,kchenery7t@mashable.com,Male,201.132.47.48
283,Vilma,McDool,vmcdool7u@admin.ch,Female,19.44.223.83
284,Jerad,Kesteven,jkesteven7v@cyberchimps.com,Male,28.8.4.229
285,Giraldo,Howgate,ghowgate7w@seattletimes.com,Male,93.108.84.166
286,Jeana,Lesley,jlesley7x@cafepress.com,Female,196.185.123.241
287,Darcie,Wildt,dwildt7y@sbwire.com,Female,122.51.126.177
288,Crawford,Ketchell,cketchell7z@com.com,Male,161.47.69.6
289,Robena,Zettler,rzettler80@google.co.uk,Polygender,250.211.73.147
290,Tabbatha,Nudd,tnudd81@a8.net,Female,90.144.76.13
291,Emmott,Labat,elabat82@wp.com,Non-binary,112.27.98.177
292,Ileane,Jewise,ijewise83@theglobeandmail.com,Female,63.68.114.89
293,Aylmer,McMeyler,amcmeyler84@prweb.com,Male,34.76.30.60
294,Trix,Lacase,tlacase85@ezinearticles.com,Female,194.124.150.159
295,Alexandre,Mateus,amateus86@creativecommons.org,Non-binary,230.182.252.180
296,Isa,Pavyer,ipavyer87@cbc.ca,Male,137.178.37.141
297,Ravid,Baynes,rbaynes88@wikispaces.com,Male,252.144.237.203
298,Morgan,Gumly,mgumly89@liveinternet.ru,Female,164.59.116.145
299,Geoffry,McEvon,gmcevon8a@google.pl,Male,239.139.169.76
300,Liva,Vasin,lvasin8b@tripod.com,Agender,191.169.202.247
301,Louella,Haverson,lhaverson8c@bizjournals.com,Female,36.63.248.207
302,Davine,Mangenot,dmangenot8d@loc.gov,Female,208.132.179.245
303,Clem,Klausen,cklausen8e@prlog.org,Female,42.154.231.109
304,Ellary,Brake,ebrake8f@eventbrite.com,Male,200.104.205.233
305,Dorotea,Binns,dbinns8g@ycombinator.com,Female,62.250.154.99
306,Eddy,Warrior,ewarrior8h@gravatar.com,Female,75.204.153.99
307,Harri,Toffaloni,htoffaloni8i@etsy.com,Genderqueer,150.103.119.221
308,Martica,Verralls,mverralls8j@jigsy.com,Female,246.127.143.70
309,Lora,Mears,lmears8k@apple.com,Female,143.157.47.92
310,Augusto,Oakenfield,aoakenfield8l@tmall.com,Male,0.82.222.77
311,Melisse,Sabatini,msabatini8m@nytimes.com,Female,14.241.61.160
312,Tammara,Hirsthouse,thirsthouse8n@hud.gov,Female,151.226.46.145
313,Wilhelmine,L'Homme,wlhomme8o@goo.ne.jp,Female,234.77.166.40
314,Errol,Kimmons,ekimmons8p@ft.com,Male,196.92.109.69
315,Kristoffer,Hoff,khoff8q@1und1.de,Male,28.46.110.209
316,Lida,Gregorowicz,lgregorowicz8r@sciencedaily.com,Female,247.0.174.203
317,Lindy,Gravett,lgravett8s@dropbox.com,Male,111.155.98.64
318,Sissie,Garthshore,sgarthshore8t@dot.gov,Female,70.90.34.17
319,Madlen,Prantl,mprantl8u@howstuffworks.com,Female,48.201.109.237
320,Timothy,Geri,tgeri8v@miibeian.gov.cn,Male,20.102.95.69
321,Batholomew,Creer,bcreer8w@is.gd,Male,145.114.65.74
322,Georgia,McKoy,gmckoy8x@istockphoto.com,Female,130.166.18.112
323,Cyrus,Raiker,craiker8y@prlog.org,Male,235.100.43.245
324,Bat,Gavozzi,bgavozzi8z@cafepress.com,Male,46.142.133.15
325,Carlota,Trenaman,ctrenaman90@gravatar.com,Female,236.90.109.31
326,Clemmy,Esom,cesom91@rakuten.co.jp,Female,92.32.121.191
327,Steffie,Huscroft,shuscroft92@printfriendly.com,Female,121.149.78.187
328,Rora,Pash,rpash93@macromedia.com,Female,213.240.185.184
329,Jacki,McTavy,jmctavy94@list-manage.com,Female,153.168.152.155
330,Eddy,Tuckwood,etuckwood95@si.edu,Female,147.98.72.136
331,Arabel,Berzen,aberzen96@pbs.org,Female,154.6.89.239
332,Grata,Aps,gaps97@yellowpages.com,Female,166.54.38.200
333,Kakalina,Mitham,kmitham98@prweb.com,Female,247.159.1.180
334,Locke,Grundell,lgrundell99@deliciousdays.com,Male,46.49.61.216
335,Judye,Avraam,javraam9a@acquirethisname.com,Female,238.199.198.6
336,Matthew,Lapham,mlapham9b@bigcartel.com,Male,124.81.212.59
337,Simonne,Hewkin,shewkin9c@zdnet.com,Female,104.161.248.108
338,Ginni,Seak,gseak9d@imgur.com,Female,171.58.218.248
339,Fulton,Arndt,farndt9e@wiley.com,Male,171.60.34.236
340,Jaime,Andrassy,jandrassy9f@macromedia.com,Male,212.233.231.17
341,Aleen,McIlhagga,amcilhagga9g@xinhuanet.com,Polygender,8.67.43.103
342,Penelopa,Rayworth,prayworth9h@nytimes.com,Female,241.187.29.220
343,Dorian,Earie,dearie9i@diigo.com,Female,203.185.27.167
344,Leroy,Reichartz,lreichartz9j@japanpost.jp,Bigender,25.47.109.153
345,Abey,Le Breton De La Vieuville,alebretondelavieuville9k@forbes.com,Genderqueer,85.165.234.30
346,Georgia,Oby,goby9l@xing.com,Female,155.92.118.125
347,Phillida,Cromblehome,pcromblehome9m@nba.com,Female,251.236.97.252
348,Donalt,Booty,dbooty9n@edublogs.org,Male,133.34.146.38
349,Bondy,Farenden,bfarenden9o@vistaprint.com,Male,189.64.237.178
350,Wileen,Smitheram,wsmitheram9p@istockphoto.com,Female,184.62.131.117
351,Rodolph,McMichell,rmcmichell9q@comsenz.com,Male,58.88.177.56
352,Farrel,Tille,ftille9r@php.net,Male,221.232.240.240
353,Bondon,Strangwood,bstrangwood9s@devhub.com,Bigender,206.152.13.177
354,Christiana,Fuggle,cfuggle9t@lulu.com,Female,123.186.227.71
355,Flin,Osselton,fosselton9u@illinois.edu,Male,114.51.210.157
356,Melloney,Eveling,meveling9v@bloglines.com,Female,196.164.169.250
357,Dawna,Gravell,dgravell9w@va.gov,Female,224.141.77.126
358,Camellia,Kensett,ckensett9x@deliciousdays.com,Female,164.138.121.173
359,Traver,Jeness,tjeness9y@uiuc.edu,Male,75.31.4.69
360,Konstanze,Marshland,kmarshland9z@sphinn.com,Female,13.27.185.67
361,Cosetta,Showt,cshowta0@nydailynews.com,Female,213.95.96.67
362,Hermy,Golightly,hgolightlya1@devhub.com,Male,201.41.97.134
363,Bertine,Routham,brouthama2@uol.com.br,Female,150.13.152.114
364,Tatiana,Pauleit,tpauleita3@symantec.com,Genderfluid,87.182.126.42
365,Adriena,Skittrall,askittralla4@cocolog-nifty.com,Female,33.77.230.174
366,Fiorenze,Buckmaster,fbuckmastera5@tmall.com,Female,115.193.34.229
367,Conny,Mewis,cmewisa6@liveinternet.ru,Female,29.52.111.193
368,Cara,Will,cwilla7@netscape.com,Female,66.93.91.245
369,Tomaso,Juggins,tjugginsa8@odnoklassniki.ru,Male,177.103.107.124
370,Rey,Acreman,racremana9@wufoo.com,Male,250.213.149.9
371,Margarete,Lashbrook,mlashbrookaa@google.pl,Female,208.108.253.178
372,Lamond,Harrie,lharrieab@artisteer.com,Male,255.164.121.106
373,Troy,Dailey,tdaileyac@discuz.net,Male,89.194.33.117
374,Karlee,Kaspar,kkasparad@narod.ru,Female,80.192.28.108
375,Dallis,Kachel,dkachelae@statcounter.com,Male,198.223.227.33
376,Sammie,Alelsandrowicz,salelsandrowiczaf@smh.com.au,Male,155.109.248.130
377,Audry,Caunce,acaunceag@netlog.com,Female,234.80.96.223
378,Burton,Brussels,bbrusselsah@msu.edu,Genderqueer,244.166.71.60
379,Saloma,Rubenovic,srubenovicai@salon.com,Female,85.24.197.224
380,Emlynn,Edgcumbe,eedgcumbeaj@npr.org,Female,21.253.211.106
381,Cyrillus,Peat,cpeatak@mozilla.com,Male,118.149.138.140
382,Borg,Chillingsworth,bchillingsworthal@naver.com,Male,109.161.222.234
383,Gallagher,Portchmouth,gportchmoutham@hao123.com,Male,6.50.167.170
384,Gwenora,Beentjes,gbeentjesan@hud.gov,Female,120.170.236.149
385,Averyl,Huccaby,ahuccabyao@smh.com.au,Female,162.189.186.184
386,Hewe,Wychard,hwychardap@delicious.com,Male,49.224.15.9
387,Kailey,Feehery,kfeeheryaq@nymag.com,Female,80.192.104.21
388,Dmitri,Dudden,dduddenar@ibm.com,Male,136.201.154.253
389,Cirstoforo,Murgatroyd,cmurgatroydas@samsung.com,Male,182.77.12.173
390,Kristian,Ede,kedeat@prweb.com,Genderfluid,223.12.140.160
391,Urban,Bench,ubenchau@answers.com,Male,186.30.156.0
392,Catie,Spowage,cspowageav@google.it,Female,29.131.153.142
393,Tawnya,Pennock,tpennockaw@washingtonpost.com,Female,57.90.53.28
394,Pearle,Eschalette,peschaletteax@blog.com,Female,6.26.122.8
395,Iris,Cunney,icunneyay@mail.ru,Female,230.11.119.80
396,Angelique,Walklot,awalklotaz@earthlink.net,Female,228.213.106.52
397,Eberhard,Dauncey,edaunceyb0@va.gov,Male,14.154.101.138
398,Max,Albin,malbinb1@github.io,Male,223.233.133.222
399,Babbette,Vasyunin,bvasyuninb2@gizmodo.com,Female,116.32.203.52
400,Christos,Teodori,cteodorib3@sfgate.com,Male,196.153.206.2
401,Shelby,Kemster,skemsterb4@angelfire.com,Female,113.35.169.218
402,Gustave,Solesbury,gsolesburyb5@unicef.org,Male,16.114.129.130
403,Hilliard,Ackeroyd,hackeroydb6@paypal.com,Bigender,147.83.166.218
404,Bill,Luetchford,bluetchfordb7@sbwire.com,Male,146.34.81.250
405,Iosep,Ace,iaceb8@webeden.co.uk,Male,197.191.63.244
406,Dermot,Daid,ddaidb9@wisc.edu,Male,18.6.105.255
407,Carie,Kubecka,ckubeckaba@51.la,Female,187.22.173.204
408,Reynolds,Mertsching,rmertschingbb@cnn.com,Male,200.25.203.248
409,Katherina,Kesper,kkesperbc@npr.org,Female,10.30.221.47
410,Roy,Hambribe,rhambribebd@princeton.edu,Male,177.148.55.41
411,Garrot,Ratnege,gratnegebe@opensource.org,Male,171.21.26.175
412,Alwyn,Eallis,aeallisbf@earthlink.net,Male,27.172.233.69
413,Pieter,Trott,ptrottbg@pen.io,Male,44.190.251.3
414,Mordy,Tutt,mtuttbh@kickstarter.com,Genderfluid,248.105.202.148
415,Thornton,Rittmeyer,trittmeyerbi@army.mil,Male,114.106.9.232
416,Debor,Sarfat,dsarfatbj@blogger.com,Female,185.15.60.137
417,Clywd,Slegg,csleggbk@ca.gov,Male,127.236.154.122
418,Cassi,Eaglestone,ceaglestonebl@jimdo.com,Agender,65.15.11.63
419,Margy,Yushmanov,myushmanovbm@uol.com.br,Bigender,131.95.224.83
420,Rupert,Krale,rkralebn@irs.gov,Male,81.18.87.167
421,Grete,Methven,gmethvenbo@pagesperso-orange.fr,Female,230.18.34.18
422,Dew,Ciotti,dciottibp@tripod.com,Male,11.154.38.24
423,Lib,Gorey,lgoreybq@dot.gov,Female,25.216.180.211
424,Amandie,Nesbit,anesbitbr@jimdo.com,Female,228.103.38.80
425,Torin,Bradnick,tbradnickbs@linkedin.com,Male,140.90.141.225
426,Avrit,Dodd,adoddbt@slideshare.net,Female,85.152.27.201
427,Freddi,Bruno,fbrunobu@pinterest.com,Female,157.250.145.29
428,Lavinie,Rockliffe,lrockliffebv@cbc.ca,Female,60.54.213.8
429,Rodrigo,Callaghan,rcallaghanbw@statcounter.com,Male,169.234.105.81
430,Cesar,Simononsky,csimononskybx@state.gov,Male,143.209.130.250
431,Raphaela,Shorthill,rshorthillby@flickr.com,Female,140.54.172.138
432,Jerrine,Frammingham,jframminghambz@godaddy.com,Female,49.36.74.119
433,Merridie,Galletly,mgalletlyc0@wordpress.com,Female,22.5.102.22
434,Boycey,Sabates,bsabatesc1@usnews.com,Male,98.1.237.253
435,Carey,Wickling,cwicklingc2@yale.edu,Female,197.98.196.34
436,Bent,Broggio,bbroggioc3@ow.ly,Male,215.248.165.163
437,Kellsie,Belfelt,kbelfeltc4@answers.com,Female,230.5.245.226
438,Vasili,Kearey,vkeareyc5@usda.gov,Male,58.47.136.200
439,Rosco,Cordingley,rcordingleyc6@people.com.cn,Male,155.228.251.66
440,Harriett,Witt,hwittc7@microsoft.com,Female,11.160.110.173
441,Harper,Cafferky,hcafferkyc8@washingtonpost.com,Male,219.230.164.58
442,Madison,Estable,mestablec9@drupal.org,Male,150.116.34.198
443,Ansley,Guidetti,aguidettica@cbslocal.com,Female,7.172.54.148
444,Laird,Matignon,lmatignoncb@ustream.tv,Male,128.57.70.15
445,Tiffani,Kennagh,tkennaghcc@lycos.com,Female,211.103.13.69
446,Bennie,Katz,bkatzcd@nih.gov,Bigender,72.166.234.16
447,Gizela,Dishman,gdishmance@cargocollective.com,Female,182.115.162.189
448,Allie,Hague,ahaguecf@admin.ch,Male,204.31.27.214
449,Leona,Gallon,lgalloncg@state.tx.us,Female,215.201.27.55
450,Marleah,Klousner,mklousnerch@ycombinator.com,Female,27.168.31.19
451,Saundra,Petrenko,spetrenkoci@europa.eu,Male,101.192.228.183
452,Roger,Hincham,rhinchamcj@drupal.org,Male,7.200.111.7
453,Sarah,GiacobbiniJacob,sgiacobbinijacobck@scribd.com,Female,0.81.25.81
454,Bartholomeus,Valois,bvaloiscl@timesonline.co.uk,Male,99.122.153.162
455,Dorry,Kobel,dkobelcm@clickbank.net,Female,91.105.12.246
456,Gerrard,Risby,grisbycn@cornell.edu,Male,180.158.90.24
457,Chaunce,Laste,clasteco@latimes.com,Male,74.26.165.164
458,Murdoch,Sawbridge,msawbridgecp@utexas.edu,Male,188.203.110.114
459,Welby,Vaun,wvauncq@wix.com,Male,6.235.64.36
460,Jasen,de Aguirre,jdeaguirrecr@digg.com,Male,87.132.16.98
461,Renee,Batchelar,rbatchelarcs@unicef.org,Female,235.115.175.219
462,Emmott,Cortin,ecortinct@altervista.org,Male,182.243.181.66
463,Leon,Enga,lengacu@paypal.com,Male,162.52.151.35
464,Corabel,Iashvili,ciashvilicv@photobucket.com,Female,26.238.177.202
465,Jon,Borge,jborgecw@house.gov,Male,57.230.194.137
466,Cyrillus,Welsby,cwelsbycx@networksolutions.com,Male,62.148.243.200
467,Judy,Chavez,jchavezcy@jigsy.com,Female,208.88.206.155
468,Cayla,Castiglioni,ccastiglionicz@blogspot.com,Bigender,208.238.8.63
469,Kean,Glave,kglaved0@godaddy.com,Male,88.215.115.221
470,Zachary,Pittford,zpittfordd1@tinyurl.com,Male,211.143.205.160
471,Ailina,Villar,avillard2@1688.com,Female,162.81.8.60
472,Maxie,Hartmann,mhartmannd3@google.it,Male,170.6.98.112
473,Pammi,Hemms,phemmsd4@tumblr.com,Bigender,163.92.242.190
474,Isabel,Mackrill,imackrilld5@sciencedirect.com,Female,98.95.129.33
475,Shae,Godley,sgodleyd6@amazon.co.jp,Genderqueer,95.179.239.104
476,Donnamarie,Trayhorn,dtrayhornd7@cdc.gov,Female,64.160.156.160
477,Willy,Planke,wplanked8@eepurl.com,Female,40.249.180.255
478,Faun,McPhail,fmcphaild9@nifty.com,Female,254.131.97.146
479,Randi,Gladman,rgladmanda@issuu.com,Male,188.22.194.3
480,Steven,Wimbury,swimburydb@vkontakte.ru,Agender,123.102.70.111
481,Eugen,Olford,eolforddc@ow.ly,Male,34.151.220.90
482,Janean,Vinnicombe,jvinnicombedd@printfriendly.com,Genderfluid,209.171.94.254
483,Gery,Manssuer,gmanssuerde@sciencedaily.com,Male,23.210.142.83
484,Binny,Mugg,bmuggdf@free.fr,Female,225.68.133.93
485,Colby,Philippson,cphilippsondg@ifeng.com,Male,40.120.222.243
486,Gwenette,Kowalik,gkowalikdh@engadget.com,Female,48.222.42.192
487,Hilliard,Dunmore,hdunmoredi@qq.com,Male,20.146.129.50
488,Buck,Wooller,bwoollerdj@51.la,Male,37.201.92.221
489,Wandie,Heister,wheisterdk@gravatar.com,Female,109.221.19.31
490,Massimo,Suero,msuerodl@amazon.co.uk,Male,42.133.16.110
491,Agnesse,Yurasov,ayurasovdm@hubpages.com,Agender,119.67.57.169
492,Cleopatra,Coils,ccoilsdn@tripadvisor.com,Genderqueer,159.90.242.11
493,Ruthanne,Gatiss,rgatissdo@soundcloud.com,Female,39.189.119.185
494,Paulina,Lenihan,plenihandp@mediafire.com,Agender,53.87.70.184
495,Mitzi,Buttel,mbutteldq@noaa.gov,Bigender,136.249.174.139
496,Sasha,Brushfield,sbrushfielddr@earthlink.net,Male,34.92.232.76
497,Becka,Lanon,blanonds@opensource.org,Female,100.51.110.186
498,Abbot,Attwoull,aattwoulldt@columbia.edu,Male,227.87.88.52
499,Barny,Mickan,bmickandu@techcrunch.com,Male,149.221.198.28
500,Way,Emerine,wemerinedv@jigsy.com,Male,50.165.119.199
501,Mendel,Filer,mfilerdw@answers.com,Male,33.209.88.170
502,Anna-diane,Thridgould,athridgoulddx@acquirethisname.com,Female,20.85.211.115
503,Bird,McCallam,bmccallamdy@imdb.com,Female,139.54.15.253
504,Rosemaria,Kilgour,rkilgourdz@nps.gov,Female,172.220.201.244
505,Lib,Vials,lvialse0@ning.com,Female,247.53.128.44
506,Elly,Legon,elegone1@bloomberg.com,Female,10.193.35.42
507,Benjy,St. Aubyn,bstaubyne2@miitbeian.gov.cn,Male,14.228.181.103
508,Blane,Cortez,bcorteze3@jigsy.com,Male,234.149.63.91
509,Paige,Wadforth,pwadforthe4@slideshare.net,Bigender,179.130.16.227
510,Ezra,Lummis,elummise5@list-manage.com,Male,182.10.150.209
511,Tracie,Gernier,tgerniere6@theatlantic.com,Male,28.189.17.248
512,Roselia,Adlam,radlame7@de.vu,Female,164.192.0.82
513,Vickie,Raoul,vraoule8@buzzfeed.com,Female,78.149.214.215
514,Bebe,D'Oyly,bdoylye9@addthis.com,Female,221.199.62.140
515,Konrad,Atwill,katwillea@umn.edu,Male,92.126.201.33
516,Alfons,Puleque,apulequeeb@usatoday.com,Male,67.2.240.225
517,Trace,Jovicevic,tjovicevicec@ihg.com,Male,239.200.165.78
518,Shirlee,Fayter,sfaytered@i2i.jp,Female,6.113.11.187
519,Minda,Lackeye,mlackeyeee@yellowbook.com,Female,146.162.64.227
520,Wakefield,Mcall,wmcallef@sourceforge.net,Male,58.85.48.70
521,Hermie,Mangan,hmanganeg@elpais.com,Male,171.167.117.1
522,Inez,Deverall,ideveralleh@ovh.net,Female,254.101.160.178
523,Dag,Camoys,dcamoysei@wufoo.com,Male,39.86.80.212
524,Steven,Baiyle,sbaiyleej@rediff.com,Male,69.197.171.15
525,Lowe,Witling,lwitlingek@nifty.com,Male,198.130.106.20
526,Judye,Maleham,jmalehamel@oaic.gov.au,Female,63.79.111.144
527,Kristo,Demogeot,kdemogeotem@i2i.jp,Male,144.247.246.164
528,Brinn,Eskrick,beskricken@yahoo.co.jp,Female,125.94.21.129
529,Min,Grain,mgraineo@gov.uk,Female,226.77.158.29
530,Bart,Batter,bbatterep@sina.com.cn,Genderfluid,36.10.236.101
531,Rodger,Valentelli,rvalentellieq@twitpic.com,Male,74.37.158.54
532,Moishe,Bate,mbateer@cafepress.com,Male,241.192.61.30
533,Cesar,McIlreavy,cmcilreavyes@hugedomains.com,Male,60.239.18.42
534,Carol-jean,Smithson,csmithsonet@a8.net,Polygender,8.134.43.56
535,Raynor,Handrek,rhandrekeu@pen.io,Male,250.9.43.135
536,Jarib,Giacomini,jgiacominiev@jugem.jp,Male,45.199.182.88
537,Jeffie,Rodd,jroddew@umn.edu,Male,183.66.158.197
538,Clem,Hopfner,chopfnerex@simplemachines.org,Female,146.186.109.24
539,Berry,Ferenczy,bferenczyey@dmoz.org,Female,90.116.71.234
540,Billye,Stanner,bstannerez@nifty.com,Female,156.10.184.112
541,Merwin,Tilbury,mtilburyf0@yahoo.com,Male,162.138.179.211
542,Camila,Ambrogiotti,cambrogiottif1@infoseek.co.jp,Polygender,62.240.20.237
543,Kendrick,Syder,ksyderf2@seesaa.net,Bigender,228.169.137.84
544,Juanita,Bake,jbakef3@samsung.com,Female,133.60.152.196
545,Ashlin,Jelliman,ajellimanf4@rambler.ru,Male,80.36.103.115
546,Tiler,Pacheco,tpachecof5@devhub.com,Male,244.23.172.15
547,Melissa,Meaden,mmeadenf6@scribd.com,Polygender,51.82.13.112
548,Phip,Accombe,paccombef7@hubpages.com,Male,188.164.152.5
549,Angus,Bouette,abouettef8@dot.gov,Male,9.149.7.201
550,Ashlie,Starling,astarlingf9@howstuffworks.com,Female,42.213.55.91
551,Liza,Kaine,lkainefa@flavors.me,Female,164.159.120.44
552,Jen,Cords,jcordsfb@histats.com,Female,108.187.185.215
553,Olly,Jess,ojessfc@hatena.ne.jp,Female,234.235.135.249
554,Leena,Christofol,lchristofolfd@elegantthemes.com,Female,168.192.105.61
555,Yorke,Shoobridge,yshoobridgefe@github.com,Male,232.137.175.142
556,Vyky,Blenkinsopp,vblenkinsoppff@tuttocitta.it,Female,114.243.244.13
557,Rik,Wilkisson,rwilkissonfg@tripod.com,Male,165.103.96.59
558,Elna,Plumridege,eplumridegefh@nyu.edu,Female,172.232.65.97
559,Laurena,Burbank,lburbankfi@apache.org,Female,31.141.68.208
560,Gearalt,Spragge,gspraggefj@istockphoto.com,Male,154.155.223.234
561,Baldwin,Sneesbie,bsneesbiefk@tumblr.com,Male,186.85.190.82
562,Carin,O'Deoran,codeoranfl@rakuten.co.jp,Female,113.239.28.55
563,Annabell,Condon,acondonfm@elegantthemes.com,Female,163.84.169.187
564,Nickie,Angliss,nanglissfn@psu.edu,Male,240.13.14.198
565,Chrissy,Greeveson,cgreevesonfo@is.gd,Male,191.209.238.59
566,Marchelle,Hirth,mhirthfp@imgur.com,Female,34.199.206.197
567,Sashenka,Griffitts,sgriffittsfq@surveymonkey.com,Female,205.67.172.87
568,Robbert,Haskey,rhaskeyfr@altervista.org,Male,142.98.9.163
569,Murry,Stubbley,mstubbleyfs@mediafire.com,Male,164.240.2.174
570,Ignaz,Botler,ibotlerft@ifeng.com,Male,224.173.218.72
571,Windy,Skala,wskalafu@blogtalkradio.com,Female,218.249.138.8
572,Anabel,Yurivtsev,ayurivtsevfv@live.com,Female,179.167.5.94
573,Harrie,Berisford,hberisfordfw@ovh.net,Female,136.3.15.9
574,Karrie,Grabbam,kgrabbamfx@howstuffworks.com,Female,10.144.2.62
575,Kipp,McCoy,kmccoyfy@usa.gov,Female,223.169.147.228
576,Bridget,Pringour,bpringourfz@smh.com.au,Female,194.196.191.238
577,Ronda,Butler,rbutlerg0@house.gov,Female,236.77.141.51
578,Charis,Dallicott,cdallicottg1@icio.us,Female,30.42.21.17
579,Brittani,Clapham,bclaphamg2@taobao.com,Female,194.28.31.232
580,Archaimbaud,Dumbelton,adumbeltong3@businessweek.com,Male,74.178.23.147
581,Elden,Noddle,enoddleg4@cam.ac.uk,Male,86.16.72.90
582,Allina,Deny,adenyg5@sina.com.cn,Female,5.202.139.219
583,Trumaine,Ciraldo,tciraldog6@flickr.com,Male,139.229.184.187
584,Eba,Harbinson,eharbinsong7@go.com,Female,19.202.254.156
585,Everett,Kenchington,ekenchingtong8@1und1.de,Non-binary,48.151.68.158
586,Perl,Glazebrook,pglazebrookg9@lycos.com,Female,22.240.39.246
587,Corrina,Lampard,clampardga@mtv.com,Female,150.3.178.195
588,Angelia,Byrch,abyrchgb@4shared.com,Female,156.151.195.184
589,Kacey,Hub,khubgc@bandcamp.com,Female,29.125.106.41
590,Geno,Maultby,gmaultbygd@ehow.com,Male,106.79.247.79
591,Abraham,Feak,afeakge@vinaora.com,Male,188.79.179.235
592,Hadrian,Toplin,htoplingf@hc360.com,Male,104.51.26.16
593,Ashli,Oag,aoaggg@google.pl,Female,173.174.152.22
594,Robinet,Shepherdson,rshepherdsongh@indiegogo.com,Male,66.38.116.240
595,Lorry,Trewin,ltrewingi@hao123.com,Female,239.57.137.160
596,Janna,Vince,jvincegj@e-recht24.de,Female,228.57.141.169
597,Elle,Eicheler,eeichelergk@reuters.com,Non-binary,189.63.75.106
598,Fredelia,Kenrack,fkenrackgl@ifeng.com,Female,226.43.144.248
599,Gwynne,Bilt,gbiltgm@sciencedaily.com,Female,246.57.218.128
600,Sterling,Farrimond,sfarrimondgn@aol.com,Male,132.246.32.17
601,Brittani,Jaggs,bjaggsgo@nih.gov,Female,134.163.20.103
602,Lodovico,Awcock,lawcockgp@engadget.com,Male,110.163.191.63
603,Yasmeen,Tottle,ytottlegq@wisc.edu,Female,151.252.230.56
604,Tabbitha,Ilyukhov,tilyukhovgr@facebook.com,Female,124.212.64.32
605,Teresa,Cantua,tcantuags@dailymail.co.uk,Female,83.59.167.103
606,Spence,Mercy,smercygt@mac.com,Male,34.131.24.149
607,Baird,Lucks,blucksgu@smh.com.au,Male,87.196.93.58
608,Merna,Lodovichi,mlodovichigv@scribd.com,Female,24.82.211.159
609,Allayne,Hughlock,ahughlockgw@ox.ac.uk,Male,28.4.57.103
610,Bink,Scholler,bschollergx@umich.edu,Male,232.222.87.100
611,Burgess,Nickerson,bnickersongy@icio.us,Male,195.25.197.206
612,Kori,Maffy,kmaffygz@mysql.com,Female,238.188.182.123
613,Ailbert,Jewess,ajewessh0@csmonitor.com,Male,152.118.235.108
614,Tiertza,Insworth,tinsworthh1@alibaba.com,Polygender,40.68.3.96
615,Wolfgang,Dann,wdannh2@hp.com,Male,22.20.27.84
616,Yehudi,Munkton,ymunktonh3@infoseek.co.jp,Agender,56.5.132.198
617,Meris,Carlon,mcarlonh4@jugem.jp,Agender,16.45.55.84
618,Kaine,Polon,kpolonh5@scribd.com,Male,223.143.67.115
619,Lizabeth,Fishburn,lfishburnh6@icq.com,Female,140.129.27.83
620,Natividad,Lundbeck,nlundbeckh7@slashdot.org,Female,152.0.231.223
621,Tish,Methuen,tmethuenh8@amazon.co.uk,Female,89.27.121.190
622,Gaye,Pordal,gpordalh9@earthlink.net,Female,125.41.118.122
623,Zuzana,Cliffe,zcliffeha@reddit.com,Female,188.188.226.86
624,Amie,Hyams,ahyamshb@hp.com,Female,246.210.9.13
625,Bertine,Treleven,btrelevenhc@craigslist.org,Female,28.28.192.119
626,Lutero,Rostern,lrosternhd@eepurl.com,Male,24.155.19.224
627,Wang,Keates,wkeateshe@w3.org,Male,160.39.59.56
628,Oby,Anthill,oanthillhf@blogspot.com,Male,57.10.44.108
629,Averil,Pullman,apullmanhg@bluehost.com,Male,224.64.152.77
630,Leisha,Webster,lwebsterhh@prnewswire.com,Female,142.38.154.94
631,Clayson,Kem,ckemhi@typepad.com,Male,191.248.80.128
632,Fax,Fruen,ffruenhj@webmd.com,Male,68.78.247.15
633,Belva,Crothers,bcrothershk@skyrock.com,Female,70.84.240.176
634,Catie,Dukelow,cdukelowhl@goo.ne.jp,Female,230.255.252.33
635,Shayla,Ball,sballhm@cdc.gov,Female,149.57.98.82
636,Gian,Groombridge,ggroombridgehn@surveymonkey.com,Male,64.142.77.241
637,Lola,Jensen,ljensenho@bloglines.com,Female,133.147.141.227
638,Tirrell,Vint,tvinthp@ucoz.ru,Male,44.239.74.194
639,Verene,Akitt,vakitthq@usatoday.com,Bigender,129.165.29.107
640,Sergei,Eckhard,seckhardhr@thetimes.co.uk,Male,139.185.197.104
641,Garnette,Formilli,gformillihs@google.es,Bigender,73.62.27.90
642,Isadora,Pitson,ipitsonht@theatlantic.com,Female,111.123.189.68
643,Charo,Goley,cgoleyhu@diigo.com,Female,15.23.69.183
644,Moria,Comello,mcomellohv@shareasale.com,Female,178.148.32.48
645,Dante,Devaney,ddevaneyhw@ocn.ne.jp,Male,177.50.29.170
646,Edvard,Camolli,ecamollihx@jiathis.com,Male,251.245.205.56
647,Ingaberg,Rey,ireyhy@umich.edu,Polygender,52.160.133.40
648,Denney,Urwen,durwenhz@time.com,Male,206.21.95.198
649,Briana,De Mattei,bdematteii0@desdev.cn,Female,179.121.96.200
650,Franny,Rhys,frhysi1@rambler.ru,Male,93.192.84.197
651,Rachel,Kelner,rkelneri2@linkedin.com,Female,23.63.181.113
652,Bernice,O'Crigan,bocrigani3@arizona.edu,Female,210.84.238.78
653,Evangelin,Filyaev,efilyaevi4@businessweek.com,Female,146.160.239.126
654,Bennie,Daniau,bdaniaui5@nifty.com,Male,216.139.189.180
655,Killie,Ragbourne,kragbournei6@squarespace.com,Male,51.155.131.105
656,Norbie,Abrami,nabramii7@bing.com,Male,21.234.156.9
657,Jacky,Breznovic,jbreznovici8@house.gov,Female,32.219.226.19
658,Tiebold,MacColgan,tmaccolgani9@omniture.com,Male,56.44.80.173
659,Chevy,Maggs,cmaggsia@jimdo.com,Genderqueer,174.60.187.185
660,Binni,Ludewig,bludewigib@economist.com,Female,74.6.152.97
661,Pierrette,Boniface,pbonifaceic@msn.com,Female,239.71.26.205
662,Alameda,Culwen,aculwenid@macromedia.com,Female,235.122.181.126
663,Kyle,Kenryd,kkenrydie@pagesperso-orange.fr,Female,123.83.49.198
664,Gwendolyn,Weatherby,gweatherbyif@psu.edu,Female,207.51.119.192
665,Lebbie,Winsper,lwinsperig@omniture.com,Female,145.254.44.64
666,Keefe,Siebert,ksiebertih@dagondesign.com,Male,121.155.146.243
667,Tabbie,Keith,tkeithii@blog.com,Male,39.89.22.56
668,Gilemette,McGeagh,gmcgeaghij@si.edu,Female,181.151.130.135
669,Alvina,MacFie,amacfieik@boston.com,Female,217.148.52.87
670,Michaella,Blindmann,mblindmannil@bloglovin.com,Genderqueer,12.110.133.251
671,Krissie,Rominov,krominovim@apple.com,Female,147.148.82.240
672,Jermain,Woolner,jwoolnerin@ow.ly,Male,167.78.147.230
673,Miller,Dibnah,mdibnahio@constantcontact.com,Male,154.178.126.59
674,Fay,Lukianovich,flukianovichip@blog.com,Female,181.152.83.182
675,Bjorn,Varfalameev,bvarfalameeviq@bloglines.com,Male,45.82.5.164
676,Lowe,Favel,lfavelir@phpbb.com,Male,202.241.6.67
677,Alverta,O'Loughnan,aoloughnanis@washington.edu,Female,149.122.22.134
678,Tom,Tombling,ttomblingit@weather.com,Male,108.255.173.152
679,Farlie,Stoyell,fstoyelliu@nationalgeographic.com,Male,49.188.247.124
680,Trevor,Greathead,tgreatheadiv@odnoklassniki.ru,Genderfluid,71.67.243.3
681,Laney,Frobisher,lfrobisheriw@vk.com,Male,248.164.61.39
682,Shelba,Nottle,snottleix@google.cn,Female,224.119.101.93
683,Nona,Leak,nleakiy@blogtalkradio.com,Female,148.234.214.86
684,Carey,Iacobacci,ciacobacciiz@scientificamerican.com,Female,18.49.108.80
685,Nell,Trow,ntrowj0@meetup.com,Female,221.248.165.75
686,Riva,Provost,rprovostj1@dmoz.org,Female,221.96.241.108
687,Lonny,Beecheno,lbeechenoj2@usgs.gov,Male,113.176.214.136
688,Constantina,Melwall,cmelwallj3@tamu.edu,Female,107.82.187.61
689,Bathsheba,Mapis,bmapisj4@mysql.com,Female,204.24.190.21
690,Carmina,Morefield,cmorefieldj5@furl.net,Female,220.125.99.104
691,Stace,Loghan,sloghanj6@vistaprint.com,Female,107.86.237.145
692,Shamus,Dormand,sdormandj7@yolasite.com,Male,187.123.11.132
693,Gayle,Mathey,gmatheyj8@1und1.de,Female,60.149.36.11
694,Alfie,Brittian,abrittianj9@spotify.com,Female,95.202.50.40
695,Hervey,Vickerstaff,hvickerstaffja@posterous.com,Male,21.116.121.70
696,Hubert,Caselli,hcasellijb@huffingtonpost.com,Genderqueer,213.195.20.152
697,Salim,Bellingham,sbellinghamjc@altervista.org,Male,225.111.186.178
698,Sharla,Beddon,sbeddonjd@homestead.com,Female,126.157.13.117
699,Zedekiah,Flemming,zflemmingje@webeden.co.uk,Male,247.206.5.84
700,Darbee,O'Scollee,doscolleejf@spiegel.de,Male,189.33.15.70
701,Collen,Tuison,ctuisonjg@ycombinator.com,Female,220.253.209.6
702,Kylynn,Murch,kmurchjh@toplist.cz,Female,138.211.176.101
703,Rollo,Warne,rwarneji@pcworld.com,Male,251.110.14.22
704,Brade,Robbs,brobbsjj@nifty.com,Male,106.201.22.79
705,Batholomew,Hurdwell,bhurdwelljk@seattletimes.com,Male,67.248.13.167
706,Yule,Pahl,ypahljl@washingtonpost.com,Male,220.219.49.44
707,Cherye,Blare,cblarejm@biblegateway.com,Female,175.71.53.174
708,Alice,Konzelmann,akonzelmannjn@wix.com,Female,78.170.230.146
709,Lukas,Dreng,ldrengjo@sciencedirect.com,Male,253.200.114.220
710,Ransom,Sarjent,rsarjentjp@springer.com,Male,41.149.66.104
711,Leif,Tipper,ltipperjq@oracle.com,Male,50.184.216.28
712,Gunner,Bosse,gbossejr@godaddy.com,Agender,180.212.126.161
713,Kippie,Beckinsall,kbeckinsalljs@yale.edu,Female,146.74.120.15
714,Fidelia,Scartifield,fscartifieldjt@ameblo.jp,Female,62.89.37.118
715,Erich,Andrich,eandrichju@craigslist.org,Male,232.232.136.153
716,Jewell,Mays,jmaysjv@stumbleupon.com,Female,184.118.121.203
717,Zollie,Carrier,zcarrierjw@nationalgeographic.com,Male,179.57.18.68
718,Jody,Radford,jradfordjx@tripod.com,Female,161.212.115.163
719,Peadar,Troy,ptroyjy@bluehost.com,Male,131.146.179.79
720,Charita,Slay,cslayjz@icq.com,Female,29.63.58.112
721,Isabeau,Whalley,iwhalleyk0@nyu.edu,Female,128.2.201.85
722,Annabelle,Life,alifek1@archive.org,Female,254.33.220.129
723,Cassi,Simoens,csimoensk2@howstuffworks.com,Female,6.73.98.224
724,Cherice,Cruess,ccruessk3@ocn.ne.jp,Female,202.124.37.4
725,Dee dee,Adriani,dadrianik4@privacy.gov.au,Female,145.60.222.25
726,Scotty,Goldring,sgoldringk5@vinaora.com,Male,62.192.75.50
727,Carleen,Cobden,ccobdenk6@patch.com,Female,190.218.123.222
728,Meyer,Cromer,mcromerk7@sogou.com,Male,166.227.227.189
729,Troy,Sarsfield,tsarsfieldk8@ox.ac.uk,Male,7.165.25.232
730,Edward,Marriner,emarrinerk9@bandcamp.com,Male,110.86.47.217
731,Ruperto,Skillington,rskillingtonka@ucla.edu,Male,7.231.78.68
732,Marja,Kochl,mkochlkb@newsvine.com,Female,253.23.230.12
733,Louisa,Symms,lsymmskc@wikipedia.org,Female,204.90.155.191
734,Lindsay,Brett,lbrettkd@state.tx.us,Male,141.247.73.93
735,Walton,Rameaux,wrameauxke@salon.com,Male,2.60.190.34
736,Christie,Vigors,cvigorskf@irs.gov,Female,152.118.174.238
737,Beverie,Claridge,bclaridgekg@mac.com,Female,129.32.153.105
738,Claudio,Gornal,cgornalkh@about.com,Male,89.174.44.109
739,Filippo,Stocks,fstockski@mayoclinic.com,Male,184.129.11.219
740,Ignace,Halden,ihaldenkj@ask.com,Male,223.1.46.83
741,Jon,Mintoft,jmintoftkk@purevolume.com,Male,62.43.168.186
742,Jordain,Fludder,jfludderkl@sciencedirect.com,Female,4.130.197.27
743,Emilia,Dowglass,edowglasskm@altervista.org,Female,114.81.134.24
744,Erhard,Pleavin,epleavinkn@unicef.org,Male,209.182.110.87
745,Veronique,Ascraft,vascraftko@indiegogo.com,Female,214.168.53.166
746,Ynes,Ivantyev,yivantyevkp@google.co.jp,Female,36.197.44.175
747,Zita,Canet,zcanetkq@t.co,Bigender,174.2.58.27
748,Nobie,Burchett,nburchettkr@ibm.com,Male,147.237.108.211
749,Correy,Thebe,cthebeks@cdbaby.com,Male,242.131.210.93
750,Renata,Clay,rclaykt@guardian.co.uk,Female,35.155.50.60
751,Gaspar,Fordyce,gfordyceku@house.gov,Male,97.197.15.228
752,Loralee,Bellis,lbelliskv@squidoo.com,Female,123.205.189.205
753,Abram,Milthorpe,amilthorpekw@prnewswire.com,Male,132.120.28.179
754,Willabella,Tayt,wtaytkx@msn.com,Female,206.149.61.188
755,Rochelle,Leatherborrow,rleatherborrowky@oaic.gov.au,Female,240.93.135.73
756,Trisha,Bigmore,tbigmorekz@unc.edu,Female,253.132.142.243
757,Danya,Mineghelli,dmineghellil0@cargocollective.com,Male,211.68.48.25
758,Nikolos,Aizlewood,naizlewoodl1@salon.com,Male,199.243.82.96
759,Leontyne,Royal,lroyall2@indiegogo.com,Female,221.231.188.149
760,Daryn,Dennison,ddennisonl3@soup.io,Female,193.245.33.126
761,Mirabel,Kayne,mkaynel4@usda.gov,Female,207.140.188.2
762,Doyle,Wynter,dwynterl5@google.ru,Male,55.74.143.133
763,Terrance,Devonside,tdevonsidel6@slate.com,Male,251.203.160.243
764,Veradis,Menloe,vmenloel7@php.net,Female,148.65.202.64
765,Eduardo,McInnery,emcinneryl8@sciencedirect.com,Non-binary,30.233.43.104
766,Wilt,Desson,wdessonl9@furl.net,Male,62.122.209.161
767,Gal,Tryhorn,gtryhornla@canalblog.com,Genderqueer,118.69.119.87
768,Gabbie,Gaitone,ggaitonelb@cisco.com,Male,22.83.162.76
769,Ev,Jacquemot,ejacquemotlc@nps.gov,Male,241.235.204.192
770,Merwyn,Luetkemeyer,mluetkemeyerld@comcast.net,Male,183.187.84.42
771,Esther,Cankett,ecankettle@sciencedirect.com,Female,183.146.164.53
772,Aubrey,Lowry,alowrylf@usa.gov,Male,145.201.164.15
773,Gelya,Dwelly,gdwellylg@rediff.com,Female,182.151.200.93
774,Gavrielle,McCloch,gmcclochlh@ihg.com,Genderfluid,202.20.159.154
775,Lothario,Kohler,lkohlerli@globo.com,Male,109.118.23.214
776,Basia,Molesworth,bmolesworthlj@apache.org,Female,61.101.176.82
777,Jewelle,Sheara,jshearalk@rediff.com,Female,115.52.188.96
778,Anson,Wickenden,awickendenll@meetup.com,Male,93.179.250.78
779,Addy,Flageul,aflageullm@blogtalkradio.com,Male,180.159.184.1
780,Maje,Harraway,mharrawayln@redcross.org,Male,43.69.188.251
781,Val,Fishleigh,vfishleighlo@uiuc.edu,Female,0.39.189.130
782,Pavia,Deluca,pdelucalp@sourceforge.net,Female,143.138.143.212
783,Emilio,Foxten,efoxtenlq@devhub.com,Male,27.244.76.73
784,Kassandra,Fant,kfantlr@myspace.com,Female,196.140.251.175
785,Elsworth,Peacop,epeacopls@php.net,Male,116.181.66.159
786,Bowie,Pearsall,bpearsalllt@yelp.com,Male,91.200.180.18
787,Maighdiln,Cymper,mcymperlu@dropbox.com,Female,108.216.24.19
788,Calhoun,Lyness,clynesslv@spiegel.de,Male,13.111.168.54
789,Hillary,Hamon,hhamonlw@independent.co.uk,Male,144.205.252.148
790,Jinny,Thonger,jthongerlx@wordpress.com,Female,105.138.210.222
791,Peggy,Gething,pgethingly@skyrock.com,Non-binary,61.46.96.167
792,Stacia,Truswell,struswelllz@reddit.com,Female,236.116.118.51
793,Leonanie,Human,lhumanm0@unicef.org,Female,122.39.233.100
794,Wayland,Knight,wknightm1@phpbb.com,Male,86.121.118.227
795,Charil,Rodway,crodwaym2@spiegel.de,Female,240.222.215.218
796,Robbin,Hasloch,rhaslochm3@admin.ch,Female,162.155.221.227
797,Adams,Aldie,aaldiem4@mozilla.org,Male,69.164.151.116
798,Robers,Czaple,rczaplem5@ftc.gov,Male,147.221.196.156
799,Gibbie,Stannus,gstannusm6@time.com,Male,111.30.199.50
800,Ameline,Michallat,amichallatm7@purevolume.com,Female,73.227.122.76
801,Margi,Shorthouse,mshorthousem8@vk.com,Female,177.212.9.211
802,Shalne,Hammett,shammettm9@icq.com,Female,139.172.70.242
803,Bryan,Pole,bpolema@virginia.edu,Male,66.150.246.90
804,Sully,Latore,slatoremb@tuttocitta.it,Male,75.172.142.252
805,Kennie,Pachta,kpachtamc@slashdot.org,Male,228.114.242.191
806,Kelby,Cowlin,kcowlinmd@newsvine.com,Male,200.78.78.52
807,Broddie,Llewellyn,bllewellynme@opensource.org,Male,51.87.192.83
808,Casie,McVey,cmcveymf@webs.com,Female,40.167.155.32
809,Sidnee,Boldison,sboldisonmg@oracle.com,Male,122.192.176.224
810,Rudie,Ilymanov,rilymanovmh@odnoklassniki.ru,Male,114.75.140.162
811,Thurston,Bascomb,tbascombmi@alexa.com,Male,172.248.107.146
812,Cilka,Philipeaux,cphilipeauxmj@msn.com,Female,26.101.207.138
813,Patty,Martini,pmartinimk@shinystat.com,Female,62.178.62.240
814,Link,Fairn,lfairnml@si.edu,Male,183.226.47.42
815,Burton,Blunden,bblundenmm@goo.ne.jp,Male,156.107.76.88
816,Mahmud,Errey,merreymn@soup.io,Male,27.138.212.162
817,Gianina,Yukhnevich,gyukhnevichmo@shareasale.com,Female,184.241.44.84
818,Edvard,O'Docherty,eodochertymp@huffingtonpost.com,Agender,200.186.172.82
819,Ferrel,Gallegos,fgallegosmq@vistaprint.com,Male,129.90.21.149
820,Gustie,Woodrup,gwoodrupmr@bluehost.com,Female,69.131.4.249
821,Ula,Fassbindler,ufassbindlerms@npr.org,Female,77.223.99.114
822,Harley,Drillingcourt,hdrillingcourtmt@mozilla.org,Female,250.139.193.187
823,Margette,Marsie,mmarsiemu@photobucket.com,Genderqueer,52.162.59.8
824,Korie,Behrend,kbehrendmv@sitemeter.com,Female,199.227.26.70
825,Sal,Boor,sboormw@trellian.com,Bigender,220.92.208.145
826,Dukey,Chritchlow,dchritchlowmx@meetup.com,Male,243.165.62.240
827,Jill,Petrolli,jpetrollimy@cdbaby.com,Female,83.184.190.233
828,Christy,Goodreid,cgoodreidmz@imgur.com,Female,160.223.132.212
829,Yance,Godilington,ygodilingtonn0@techcrunch.com,Male,137.149.30.228
830,Ericka,Goshawke,egoshawken1@simplemachines.org,Female,201.103.113.171
831,Avrit,Illem,aillemn2@dmoz.org,Female,110.7.139.207
832,Benjamen,Ponnsett,bponnsettn3@mit.edu,Male,230.102.221.125
833,Marla,Pentin,mpentinn4@friendfeed.com,Female,125.128.144.77
834,Kean,Whapple,kwhapplen5@networksolutions.com,Male,253.151.109.132
835,Zane,McDill,zmcdilln6@apple.com,Male,81.180.14.18
836,Waring,Pendergast,wpendergastn7@earthlink.net,Male,109.6.201.109
837,Morganne,Benit,mbenitn8@theatlantic.com,Female,164.114.108.2
838,Ty,Hedde,thedden9@mit.edu,Male,211.79.229.14
839,Chris,Spreckley,cspreckleyna@w3.org,Male,165.181.10.137
840,Wiley,Hadlow,whadlownb@independent.co.uk,Agender,187.231.229.175
841,Kassandra,Redholes,kredholesnc@odnoklassniki.ru,Female,106.168.109.155
842,Royal,Arboin,rarboinnd@unblog.fr,Male,101.29.3.222
843,Brita,Heinschke,bheinschkene@360.cn,Female,239.35.75.99
844,Keelby,Reggler,kregglernf@seesaa.net,Male,86.168.124.131
845,Reggie,McMenamin,rmcmenaminng@vinaora.com,Male,167.112.127.118
846,Emlynn,Gardener,egardenernh@buzzfeed.com,Female,8.221.240.168
847,Jameson,Corss,jcorssni@soundcloud.com,Male,6.147.129.83
848,Samara,Marple,smarplenj@princeton.edu,Female,239.255.129.161
849,Trudie,Bruhnicke,tbruhnickenk@ameblo.jp,Female,95.90.198.253
850,Reilly,Tiron,rtironnl@opera.com,Male,114.249.127.79
851,Cassius,McGeneay,cmcgeneaynm@wordpress.com,Male,241.22.94.124
852,Neall,Plessing,nplessingnn@tinypic.com,Male,211.156.254.92
853,Parke,Mettetal,pmettetalno@taobao.com,Male,126.183.102.22
854,Gianina,Miranda,gmirandanp@hp.com,Female,184.108.63.42
855,Alayne,McAvin,amcavinnq@geocities.com,Female,38.163.34.121
856,Anissa,Jerg,ajergnr@google.es,Female,122.22.186.27
857,Tallie,McGregor,tmcgregorns@gov.uk,Male,149.139.77.140
858,Jessalin,Mackney,jmackneynt@gravatar.com,Agender,10.120.37.193
859,Adora,Finessy,afinessynu@google.co.jp,Female,185.138.222.3
860,Heda,Coggings,hcoggingsnv@fotki.com,Female,172.219.166.19
861,Heath,Wilkins,hwilkinsnw@printfriendly.com,Male,53.155.16.63
862,Yalonda,Oppery,yopperynx@mac.com,Agender,77.218.156.202
863,Harri,Daubney,hdaubneyny@columbia.edu,Female,152.201.34.0
864,Kassie,Daskiewicz,kdaskiewicznz@oaic.gov.au,Female,77.120.144.161
865,Clara,Christophers,cchristopherso0@nps.gov,Female,237.31.131.55
866,Emelia,Everiss,eeverisso1@seattletimes.com,Genderqueer,49.119.136.205
867,Dollie,Redhole,dredholeo2@washingtonpost.com,Female,93.252.227.232
868,Gregory,Jinkins,gjinkinso3@harvard.edu,Male,33.89.167.55
869,Milicent,Bentame,mbentameo4@bigcartel.com,Female,218.165.173.211
870,Bryant,Drust,bdrusto5@g.co,Polygender,65.79.214.121
871,Syd,Matejic,smatejico6@about.com,Male,22.64.172.5
872,Toma,Edmondson,tedmondsono7@deliciousdays.com,Female,143.76.143.53
873,Pernell,Corke,pcorkeo8@usgs.gov,Male,10.88.244.87
874,Garrik,Wrenn,gwrenno9@sun.com,Male,7.14.175.143
875,Brianne,Phythean,bphytheanoa@nbcnews.com,Female,10.240.233.70
876,Davy,Witsey,dwitseyob@4shared.com,Male,117.220.62.232
877,Lars,Fould,lfouldoc@fema.gov,Male,37.78.142.106
878,Ossie,Rubroe,orubroeod@webmd.com,Male,156.131.108.226
879,Ervin,Fielders,efieldersoe@merriam-webster.com,Male,55.120.247.91
880,Ricardo,Dinley,rdinleyof@state.gov,Male,253.79.82.75
881,Manya,Kerans,mkeransog@aol.com,Female,66.76.93.231
882,Rena,Skpsey,rskpseyoh@bing.com,Female,246.242.195.48
883,Becky,Heare,bheareoi@time.com,Female,13.176.35.209
884,Bengt,Americi,bamericioj@lulu.com,Male,115.25.22.0
885,Dinah,Upcraft,dupcraftok@tumblr.com,Female,178.32.7.24
886,Hertha,Etteridge,hetteridgeol@pinterest.com,Female,157.129.107.78
887,Petunia,Wilflinger,pwilflingerom@bing.com,Female,108.153.26.116
888,Foster,Daugherty,fdaughertyon@wikimedia.org,Male,234.106.70.205
889,Rick,Sissens,rsissensoo@mozilla.com,Male,143.142.140.214
890,Bogey,Seyfart,bseyfartop@sun.com,Male,121.175.199.37
891,Wallie,Jakes,wjakesoq@1und1.de,Male,245.82.170.73
892,Christos,Ingerman,cingermanor@seesaa.net,Male,52.246.62.221
893,Granny,Moneypenny,gmoneypennyos@de.vu,Male,0.245.15.40
894,Cinnamon,Weber,cweberot@fda.gov,Female,207.172.119.136
895,Farrel,Drinkall,fdrinkallou@cbc.ca,Male,56.72.11.23
896,Hewett,Espinazo,hespinazoov@elpais.com,Male,115.123.217.123
897,Elinore,Wyd,ewydow@1688.com,Female,215.137.33.127
898,Bunnie,Jakubovicz,bjakuboviczox@infoseek.co.jp,Female,192.15.49.232
899,Alix,Ellett,aellettoy@technorati.com,Male,182.180.121.11
900,Martynne,Weatherhead,mweatherheadoz@diigo.com,Female,125.0.46.18
901,Florinda,Cornill,fcornillp0@yahoo.co.jp,Female,170.111.30.145
902,Teodora,Mansion,tmansionp1@oakley.com,Bigender,252.87.216.11
903,Liana,Kleynermans,lkleynermansp2@google.com.hk,Female,159.57.243.208
904,Xenia,Farnell,xfarnellp3@tumblr.com,Female,117.117.18.77
905,Moyra,Cawcutt,mcawcuttp4@shareasale.com,Female,230.39.143.232
906,Gizela,Lundy,glundyp5@bizjournals.com,Female,20.165.69.215
907,Renata,Zisneros,rzisnerosp6@irs.gov,Female,131.233.71.227
908,Elinore,Courtonne,ecourtonnep7@mac.com,Female,107.72.98.95
909,Delly,Hedgecock,dhedgecockp8@spiegel.de,Female,18.35.219.150
910,Cristian,Donan,cdonanp9@google.de,Male,4.39.41.25
911,Lynnet,Bannell,lbannellpa@zdnet.com,Female,210.115.18.231
912,Martino,Vaughn,mvaughnpb@booking.com,Male,219.179.10.86
913,Min,Pyne,mpynepc@tiny.cc,Female,142.84.6.87
914,Maxwell,Deshon,mdeshonpd@theatlantic.com,Male,50.155.159.80
915,Mike,Hryskiewicz,mhryskiewiczpe@cyberchimps.com,Male,242.85.180.150
916,Alfie,Boyall,aboyallpf@mail.ru,Female,78.14.70.94
917,Julio,Dinnage,jdinnagepg@latimes.com,Male,187.228.117.226
918,Leeann,Rust,lrustph@thetimes.co.uk,Female,50.229.63.77
919,Fran,Berkery,fberkerypi@flickr.com,Female,29.17.134.12
920,Marcelo,Ansty,manstypj@seattletimes.com,Bigender,61.23.74.133
921,Antony,Purbrick,apurbrickpk@sakura.ne.jp,Male,147.190.140.18
922,Silva,Jacobbe,sjacobbepl@ca.gov,Female,76.126.4.129
923,Osmund,Garmston,ogarmstonpm@amazon.co.uk,Male,204.191.123.82
924,Brooke,Caines,bcainespn@virginia.edu,Male,60.204.141.102
925,Licha,Gartshore,lgartshorepo@ycombinator.com,Female,10.24.187.44
926,Hadlee,Skey,hskeypp@timesonline.co.uk,Male,222.242.24.11
927,Redd,Ensten,renstenpq@alibaba.com,Polygender,33.114.29.154
928,Shawn,Pettipher,spettipherpr@fema.gov,Male,180.154.204.241
929,Gladi,Ralph,gralphps@yellowbook.com,Female,21.196.18.215
930,Olvan,Line,olinept@amazon.co.jp,Polygender,53.51.177.139
931,Derron,Bisley,dbisleypu@nytimes.com,Male,200.229.101.143
932,William,Killingbeck,wkillingbeckpv@etsy.com,Male,69.23.192.230
933,Lilias,McMickan,lmcmickanpw@last.fm,Female,47.92.207.204
934,Luisa,Peto,lpetopx@slashdot.org,Female,206.47.177.5
935,Cale,Rimington,crimingtonpy@scientificamerican.com,Male,104.89.198.167
936,Lita,Haet,lhaetpz@google.pl,Female,11.227.141.192
937,Padraic,Gribbell,pgribbellq0@t-online.de,Male,26.191.132.29
938,Howard,Stollenbeck,hstollenbeckq1@nba.com,Male,8.145.146.195
939,Chilton,Elderton,celdertonq2@adobe.com,Male,69.85.83.56
940,Kristofor,Harteley,kharteleyq3@ustream.tv,Male,84.110.202.198
941,Deonne,Edgler,dedglerq4@statcounter.com,Female,93.98.40.163
942,Tabina,Peskin,tpeskinq5@nhs.uk,Non-binary,144.201.94.134
943,Ethelind,Marwick,emarwickq6@tripod.com,Female,8.85.22.166
944,Camilla,Wixey,cwixeyq7@posterous.com,Female,170.249.99.153
945,Ellynn,Jamary,ejamaryq8@google.co.uk,Bigender,241.15.122.113
946,Jennica,Baudone,jbaudoneq9@ifeng.com,Female,37.169.124.158
947,Hew,Ricart,hricartqa@histats.com,Male,239.114.66.84
948,Brandi,Calderwood,bcalderwoodqb@1688.com,Female,56.39.241.29
949,Donavon,Maidens,dmaidensqc@gmpg.org,Male,156.210.209.132
950,Anabal,Mackerness,amackernessqd@yandex.ru,Female,190.125.101.144
951,Harriett,Dufaire,hdufaireqe@jalbum.net,Female,96.83.240.3
952,Ashia,Pears,apearsqf@engadget.com,Female,50.83.186.46
953,Ring,Gotling,rgotlingqg@mediafire.com,Male,71.184.234.69
954,Jard,Darnody,jdarnodyqh@forbes.com,Male,181.59.68.172
955,Betty,Cortnay,bcortnayqi@etsy.com,Female,28.93.154.223
956,Prue,O'Breen,pobreenqj@flavors.me,Female,122.16.13.207
957,Shir,Pridding,spriddingqk@photobucket.com,Bigender,182.240.122.175
958,Abbot,Studde,astuddeql@npr.org,Male,0.148.63.62
959,Kathi,Fossitt,kfossittqm@forbes.com,Polygender,127.183.134.240
960,Florette,Crossgrove,fcrossgroveqn@nba.com,Female,122.88.61.230
961,Rudolph,Scothern,rscothernqo@ft.com,Male,237.169.69.13
962,Dniren,McReidy,dmcreidyqp@dmoz.org,Female,161.107.81.168
963,Shem,Cavalier,scavalierqq@usatoday.com,Male,183.168.236.200
964,Arte,Benian,abenianqr@squidoo.com,Male,229.39.90.198
965,Lief,Beaty,lbeatyqs@google.fr,Male,51.211.57.64
966,Kial,Sherborn,ksherbornqt@comcast.net,Polygender,98.115.203.139
967,Sebastian,Smiz,ssmizqu@wufoo.com,Male,86.209.139.116
968,Ricki,Birdsey,rbirdseyqv@guardian.co.uk,Male,90.3.36.140
969,Duff,DelaField,ddelafieldqw@nba.com,Male,58.154.200.89
970,Venus,Dahlberg,vdahlbergqx@ox.ac.uk,Female,148.73.5.94
971,Ronny,Woodington,rwoodingtonqy@walmart.com,Bigender,201.157.155.242
972,Deidre,Glidden,dgliddenqz@cbslocal.com,Female,81.173.112.177
973,Jackie,Phizaclea,jphizaclear0@walmart.com,Male,246.71.123.63
974,Nicola,Pinnock,npinnockr1@princeton.edu,Female,172.88.176.228
975,Debra,Manginot,dmanginotr2@cloudflare.com,Female,249.10.168.160
976,Jimmie,Bushrod,jbushrodr3@boston.com,Non-binary,225.231.15.93
977,Ephrem,Heinrich,eheinrichr4@homestead.com,Male,179.82.52.192
978,Averil,Malthouse,amalthouser5@washington.edu,Female,159.52.88.31
979,Reinhold,Powney,rpowneyr6@buzzfeed.com,Genderfluid,147.141.87.249
980,Bourke,Dewdney,bdewdneyr7@edublogs.org,Male,3.101.118.218
981,Celene,Blankhorn,cblankhornr8@oakley.com,Female,133.31.23.146
982,Tyler,Mullin,tmullinr9@ehow.com,Male,114.204.101.150
983,Westbrook,Paoloni,wpaolonira@ovh.net,Male,52.173.181.18
984,Kelcey,Pietraszek,kpietraszekrb@cisco.com,Female,7.244.150.131
985,Shaine,Biggs,sbiggsrc@stanford.edu,Female,11.15.90.10
986,Reggie,Keuning,rkeuningrd@github.io,Male,158.151.31.4
987,Abner,Whittington,awhittingtonre@pcworld.com,Male,3.40.132.153
988,Clemmy,Campanelli,ccampanellirf@ed.gov,Female,252.221.251.55
989,Loutitia,Blazhevich,lblazhevichrg@foxnews.com,Female,238.127.187.198
990,Corie,Shuker,cshukerrh@time.com,Bigender,253.35.226.248
991,Jorge,Tomasian,jtomasianri@sciencedaily.com,Genderqueer,246.57.81.30
992,Othello,Batterson,obattersonrj@nbcnews.com,Male,86.86.10.235
993,Chilton,Burmaster,cburmasterrk@pbs.org,Male,14.43.178.105
994,Tierney,Legan,tleganrl@ftc.gov,Female,45.216.19.210
995,Estrellita,Cochrane,ecochranerm@abc.net.au,Female,138.113.178.190
996,Rudy,Lathee,rlatheern@wisc.edu,Male,168.7.92.3
997,Obediah,De Launde,odelaundero@de.vu,Male,243.136.215.251
998,Fred,Storrier,fstorrierrp@sfgate.com,Female,248.180.166.192
999,Rourke,Lewnden,rlewndenrq@de.vu,Male,21.133.224.73
1000,Lura,McGruar,lmcgruarrr@hubpages.com,Female,131.60.3.132
